START_CLUSTER_FLAG
"Fifth Third Asset Management, Inc."	001300000063aKdAAI	"Fifth Third Asset Management, Inc."	38 Fountain Square Plaza Md 1090d8	Cincinnati	OH	45263-0001	United States		
"Fifth Third Asset Management, Inc."	0013000000fyFnsAAE	"Fifth Third Asset Management, Inc."	38 Fountain Square Plz Md 1090d2	Cincinnati	OH	45263-0001	United States		
	END_CLUSTER_FLAG
START_CLUSTER_FLAG
"Stifel Nicolaus & Company,Inc."	001300000063ZP1AAM	"Stifel Nicolaus & Company,Inc."	501 N Broadway FL 8	Saint Louis	MO	63102-2131	United States		
"Stifel Nicolaus & Company,Inc."	001300000063ZKVAA2	"Stifel Nicolaus & Company,Inc."	One Financial Plaza 501 North Broadway	Saint Louis	MO	63102-2110	United States		
	END_CLUSTER_FLAG
START_CLUSTER_FLAG
"Westwood Holdings Group, Inc."	0013000000Eq1acAAB	"Westwood Holdings Group, Inc."	200 Crescent Ct Ste 1200	Dallas	TX	75201-1807	United States		
"Westwood Holdings Group, Inc."	001f000000Z6PkdAAF	"Westwood Holdings Group, Inc."	200 Crescent CT Ste 1200	Dallas	TX	752011855	United States		
	END_CLUSTER_FLAG
START_CLUSTER_FLAG
Affiliated Managers Group	001a000001Qq6BrAAJ	Affiliated Managers Group							
Affiliated Managers Group	001a000001T3zTbAAJ	Affiliated Managers Group	600 Hale St	Beverly	MA	1915	United States		
	END_CLUSTER_FLAG
START_CLUSTER_FLAG
Allen & Company	0013000000T7qkuAAB	Allen & Company	711 5th Ave FL 8	New York	NY	10022-3111	United States		
Allen & Company	001300000063ZHwAAM	Allen & Company	711 5th Ave FL 8	New York	NY	10022-3111	United States		
	END_CLUSTER_FLAG
START_CLUSTER_FLAG
American National Bank	0013000000nd6KYAAY	American National Bank							
American National Bank	001300000063a31AAA	American National Bank	2732 Midwestern Pkwy	Wichita Falls	TX	76308-0476	United States		
	END_CLUSTER_FLAG
START_CLUSTER_FLAG
Davenport & Company LLC	001300000063ZIPAA2	Davenport & Company LLC	901 E Cary St FL 11	Richmond	VA	23219-4037	United States		
Davenport & Company LLC	0013000000Eq2nIAAR	Davenport & Company LLC	901 E Cary St FL 11	Richmond	VA	23219-3745	United States		
	END_CLUSTER_FLAG
START_CLUSTER_FLAG
Delaware Investments	0013000000HQ09xAAD	Delaware Investments	2005 Market St Ste 4100	Philadelphia	PA	19103-7094	United States		
Delaware Investments	0013000000Eq2faAAB	Delaware Investments	2005 Market St Ste 4100	Philadelphia	PA	19103-7094	United States		
	END_CLUSTER_FLAG
START_CLUSTER_FLAG
Edward Jones	001300000063ZIVAA2	Edward Jones	12555 Manchester Rd	Saint Louis	MO	63131	United States		
Edward Jones	0013000000Eq2azAAB	Edward Jones	12555 Manchester Rd	Saint Louis	MO	63131-3710	United States		
	END_CLUSTER_FLAG
START_CLUSTER_FLAG
First Eagle	0013000000Eq2uWAAR	First Eagle	1345 Avenue of the Americas 43rd Fl	New York	NY	10105-0302	United States		
First Eagle	0013000000JkQlwAAF	First Eagle	1345 Avenue of the Americas 43rd Fl	New York	NY	10105-0302	United States		
	END_CLUSTER_FLAG
START_CLUSTER_FLAG
Manulife Financial	0013000000Eq0amAAB	Manulife Financial	200 Bloor Street East North Tower 7th Floor	Toronto	ON	M4W 1E5	Canada		
Manulife Financial	0013000000Eq31DAAR	Manulife Financial					Canada		
	END_CLUSTER_FLAG
START_CLUSTER_FLAG
Mesirow Financial	001300000063ZJeAAM	Mesirow Financial	353 N Clark St Ste 400	Chicago	IL	60654-4712	United States		
Mesirow Financial	001300000063aPZAAY	Mesirow Financial	353 N Clark St	Chicago	IL	60654-4704	United States		
	END_CLUSTER_FLAG
START_CLUSTER_FLAG
Norges Bank	001f000000Z6PqrAAF	Norges Bank	Bankplassen 2	Oslo		151	Norway		
Norges Bank	0013000000Eq30PAAR	Norges Bank	Bankplassen 2	Oslo		2108	Norway		
	END_CLUSTER_FLAG
START_CLUSTER_FLAG
Nortel Networks	0013000000Eq2xLAAR	Nortel Networks	195 The West Mall	Etobicoke	ON	M9C 5K1	Canada		
Nortel Networks	0013000000G53E5AAJ	Nortel Networks							
	END_CLUSTER_FLAG
START_CLUSTER_FLAG
Pershing LLC	0013000000Lf4UaAAJ	Pershing LLC							
Pershing LLC	001f000000Z6PgVAAV	Pershing LLC	708 3rd Ave Rm 700	New York	NY	100174117	United States		
Pershing LLC	001300000063ZJyAAM	Pershing LLC	1 Pershing Plz	Jersey City	NJ	07399-0002	United States		
	END_CLUSTER_FLAG
START_CLUSTER_FLAG
RS Investments	001a000001N5IIrAAN	RS Investments	1 Bush St FL 9	San Francisco	CA	94111-5345	United States		
RS Investments	001300000063aJQAAY	RS Investments	1 Bush St FL 9	San Francisco	CA	94111-5317	United States		
	END_CLUSTER_FLAG
START_CLUSTER_FLAG
Reliance Trust Company	001300000063ZRfAAM	Reliance Trust Company	1100 Abernathy Rd	Atlanta	GA	30328-5646	United States		
Reliance Trust Company	0013000000hwzaAAAQ	Reliance Trust Company	"1100 Abernathy Rd. 500 North Park, Ste 400"	Sandy Springs	GA	30328	United States		
Reliance Trust Company	001a000001Qq65XAAR	Reliance Trust Company	1100 Abernathy Rd	Atlanta	GA	30328-5646	United States		
	END_CLUSTER_FLAG
START_CLUSTER_FLAG
Robert W. Baird & Co. Incorporated	0013000000Eq2mqAAB	Robert W. Baird & Co. Incorporated	777 E Wisconsin Ave FL 29	Milwaukee	WI	53202-5300	United States		
Robert W. Baird & Co. Incorporated	001300000063ZKBAA2	Robert W. Baird & Co. Incorporated	777 E Wisconsin Ave FL 29	Milwaukee	WI	53202-5300	United States		
	END_CLUSTER_FLAG
START_CLUSTER_FLAG
Rydex Investments	0013000000LfGRmAAN	Rydex Investments	9601 Blackwell Rd Ste 500	Rockville	MD	20850-6478	United States		
Rydex Investments	0013000000JlXXyAAN	Rydex Investments	9601 Blackwell Rd Ste 500	Rockville	MD	20850-6478	United States		
Rydex Investments	0013000000Iw69mAAB	Rydex Investments	9601 Blackwell Rd Ste 500	Rockville	MD	20850-6478	United States		
	END_CLUSTER_FLAG
START_CLUSTER_FLAG
SEI Investments	001300000063ZKKAA2	SEI Investments	1 Freedom Valley Dr	Oaks	PA	19456-9989	United States		
SEI Investments	0013000000Eq2mlAAB	SEI Investments	1 Freedom Valley Dr	Oaks	PA	19456-9989	United States		
	END_CLUSTER_FLAG
START_CLUSTER_FLAG
Scotia Capital	001a000001Qq67cAAB	Scotia Capital							
Scotia Capital	0013000000Eq3ErAAJ	Scotia Capital	Scotia Plaza 40 King Street West	Toronto	ON	M5H 1H1	Canada		
	END_CLUSTER_FLAG
START_CLUSTER_FLAG
Thomas Weisel Partners LLC	001300000063ZtWAAU	Thomas Weisel Partners LLC	1 Montgomery St Ste 3700	San Francisco	CA	94104-4505	United States		
Thomas Weisel Partners LLC	0013000000I8WGhAAN	Thomas Weisel Partners LLC	1 Montgomery St Ste 3700	San Francisco	CA	94104	United States		
	END_CLUSTER_FLAG
START_CLUSTER_FLAG
UBS GLOBAL ASSET MANAGEMENT (UK) LTD	0013000000GFycsAAD	UBS GLOBAL ASSET MANAGEMENT (UK) LTD	21 Lombard Street	London		EC3V 9AH	United Kingdom		
UBS GLOBAL ASSET MANAGEMENT (UK) LTD	0013000000dCOCdAAO	UBS GLOBAL ASSET MANAGEMENT (UK) LTD	21 Lombard Street	London		EC3V 9AH	England		
	END_CLUSTER_FLAG
START_CLUSTER_FLAG
UMB Fund Services	0013000000vMHDUAA4	UMB Fund Services	803 W Michigan St Ste A	Milwaukee	WI	53233-2301	United States		
UMB Fund Services	0013000000pBMB0AAO	UMB Fund Services	803 W Michigan St Ste A	Milwaukee	WI	53233-2301	United States		
	END_CLUSTER_FLAG
START_CLUSTER_FLAG
USAA	0013000000Eq2eQAAR	USAA	9800 Fredericksburg Rd	San Antonio	TX	78288-0002	United States		
USAA	0013000000GFAtEAAX	USAA	9800 Fredericksburg Rd	San Antonio	TX	78288-0001	United States		
	END_CLUSTER_FLAG
START_CLUSTER_FLAG
William Blair & Company LLC	001300000063ZKyAAM	William Blair & Company LLC	222 W Adams St Ste 2900	Chicago	IL	60606-5237	United States		
William Blair & Company LLC	0013000000Eq2ckAAB	William Blair & Company LLC	222 W Adams St Ste 2900	Chicago	IL	60606-5237	United States		
	END_CLUSTER_FLAG
START_CLUSTER_FLAG
Wilmington Trust Company	001300000063bLOAAY	Wilmington Trust Company	1100 N Market St	Wilmington	DE	19890-2212	United States		
Wilmington Trust Company	001a000001Qq61wAAB	Wilmington Trust Company	1100 N Market St Rodney Sq	North Wilmington	DE	19890			
	END_CLUSTER_FLAG
